n,tau_star,tau_w,m,best_area
0.404644370111127,2930.5883217489577,0.8265051728652887,1.6544096584144048,-360.23991187168343
