n,tau_star,B,tau_w,m
0.2607526083857915,3370.8043966349674,1132598159208.6045,0.6768764597264244,0.37206544737524727
0.08530258944378591,4196.433440733864,5464308409.795481,0.4952156827495028,0.7294251556060393
0.4610465759988876,780.8623396395145,115.85549575442164,0.379979775242138,0.8402542762349628
0.7698742505267917,1402.0173350501684,1637943.1548953832,0.8773865719177661,1.58584291207434
0.9212095906736011,2010.332628112118,9.571899317577658e+17,0.06248259010637794,1.499274738471652
