n,tau_star,B,tau_w,m
0.616982308711926,4288.440348292379,3085.356000888308,0.39070201804097116,1.0953497013683702
0.9627339957015781,1074.1900913047682,7089201264.212814,0.06399158884611886,0.33818236353893905
0.5585042056746888,2630.93213650386,1794432.1508400708,0.7393266739743878,0.554078940787697
0.3829908500828759,3864.635822224717,112222674568471.83,0.8485655506786812,1.6788675797039643
0.152245673857265,473.7954397788712,5.4386016324230136e+16,0.4609018593246084,1.5353669281721696
