tau_w_values,m_values
0.6105672695532495,1.4518954870923355
0.8846551781419889,1.2003692820413268
0.19692052275429076,1.771403200834503
0.4993271742480181,1.0754470155587461
0.2678293061542229,0.5540935479855874
