tau_w_values,m_values
0.2985276696133687,1.6173063654861628
0.43421122417120145,0.8760155010286972
0.8244718074660233,1.8574093360484358
0.6488649837264557,0.6470387294434539
0.08723009231375611,1.1295515410866206
