tau_w_values,m_values
0.053216748827689675,0.13334408936832343
0.29154615652502053,0.46260162122118376
0.7065694732058747,1.8517890965416697
0.593591673579416,1.2595195253979203
0.9755379637523173,0.8916110241296077
