tau_w_values,m_values
0.05497044374031817,2.009453162097903
0.47777803707332783,0.33939625511932214
1.646896669731253,2.1193403079228545
1.2919118709660358,1.5134096435908864
1.06928634627561,0.8680490211412117
