tau_w_values,m_values
0.2017672178392392,0.7890984043361935
0.3726025596970899,1.2691810773523713
0.9900705509453326,1.6620432696286227
0.7867134649032411,1.8260779517930603
0.6051478476098553,0.9061412663219833
0.052383972044888004,1.1342876144523932
0.12061749989149857,0.36529604081948763
0.4581930318742707,1.5283576021168956
0.8797080959286937,0.47254297298500103
0.5769045945366567,0.13288910971274262
