tau_w_values,m_values
0.2606147195397341,1.2252409764697383
0.964502062411822,1.8619150939528102
0.573342629269059,0.9117728161834091
0.18018931439832656,1.6386749091727402
0.7245736365472443,0.7283455001949715
