tau_w_values,m_values
0.13508381396183386,0.6371280877136387
0.5684066383043461,2.0805771193002194
1.7886374674745253,0.2257470950592958
0.9380207596965111,1.713902523751122
1.3688094587322828,1.4365428203018815
