tau_w_values,m_values
0.8679292995173158,1.673474640169153
0.18925637512637675,1.5188747346106137
0.7762284599026696,1.0020494360861854
0.3977182325592257,1.9395154967709225
0.5292766118349703,1.3590284718266137
