tau_w_values,m_values
0.22272645184494114,2.4309987961230086
1.705644376484798,1.2784624892469056
1.1516473613417944,0.5718809347685143
1.4341150470830488,0.9897058664748957
0.646945489424516,1.6161981210352399
