tau_w_values,m_values
0.9898446774151239,1.4204833027008326
0.3755770418018575,0.3915647664237254
0.506670012146343,1.6617929554722328
1.527919680134601,2.2700001314778557
1.8729897273687652,1.0188025158307457
