n_values,tau_star_values,B_values
0.7190811052578716,2275.003287449316,144409217.1451045
0.828273510480854,4732.363180005843,1043084.6277377377
0.5622362531651819,1107.9046598883203,4.877148235146452e+18
0.1758728503297984,903.9723061386806,299894577373961.4
0.25297449685502793,3839.065509846399,612.9315693167954
