n,tau_star,B,tau_w,m,best_area
0.6,329037.0509744095,629353.5612450598,1.0,1.0,-12916.346326669767
