n,tau_star,tau_w,m,best_area
0.35579472720638805,5710.049136238635,0.9409035964773638,1.699866240060527,-88968.79657042047
